{
  "id": "",
  "name": "",
  "font_family": "iconfont",
  "css_prefix_text": "icon-",
  "description": "",
  "glyphs": [
    {
      "icon_id": "26841829",
      "name": "员工",
      "font_class": "yuangong",
      "unicode": "ea3f",
      "unicode_decimal": 59967
    },
    {
      "icon_id": "26851697",
      "name": "会议管理",
      "font_class": "huiyiguanli",
      "unicode": "ea40",
      "unicode_decimal": 59968
    },
    {
      "icon_id": "26876047",
      "name": "实习生入职",
      "font_class": "shixishengruzhi",
      "unicode": "ea46",
      "unicode_decimal": 59974
    },
    {
      "icon_id": "26876049",
      "name": "可操作部门",
      "font_class": "kecaozuobumen",
      "unicode": "ea47",
      "unicode_decimal": 59975
    }
  ]
}
